ID,SEQUENCE,C TERMINUS,ACTIVITY,
11866,GIKKWVKGVAKGVAKDLAKKIL,AMD,0.59,1
10928,GKPRPYPPRPPPHPRPIRV,,0.66,1
14031,WLKAAAKAAAKLW,AMD,0.71,1
6841,RRLFRRILRWL,AMD,0.79,1
12612,KKWRKWLKWLAKK,,0.8,1
11519,SKFFRKARKKLGKGLQKIKNVLRKY,,0.8,1
10926,GKPRPYSPRPSSHPRPIRV,,0.87,1
11263,GFKLGRKLVKVFKWII,AMD,0.97,1
15063,KRIVQRIKKFLR,,0.99,1
9490,GSKKPVPIIYCNRRTGKCQRM,,1,1
12376,TRSRWRRFIRGAGRFARRYGWRIA,,1,1
15070,KRKVKRIKKFLR,,1,1
11228,KIAKGALKALKIAKVALKAL,AMD,1.03,1
1859,FLPIAGKLLSGLSGLL,AMD,1.25,1
1860,FFPIVGKLLFGLSGLL,AMD,1.25,1
12697,GIGAVLKWLPALIKRKRQQ,,1.25,1
5822,RRIRPRPPRLPRPRPRPLPFPRPG,,1.32,1
14033,LWKAAAKAAAKLL,AMD,1.36,1
12927,AAKLLLKLLLKAA,AMD,1.37,1
6842,RRLFRRILRYL,AMD,1.4,1
14032,LWKAAAKAAAKWL,AMD,1.43,1
13460,RWIRWVWRKKLR,AMD,1.56,1
13646,KWVKKWVKKWVK,AMD,1.65,1
10700,KIKWILKYWKWS,,1.68,1
13635,KWLKKWLKKWLK,AMD,1.69,1
564,GKPRPYSPRPTSHPRPIRV,,1.76,1
15067,KRIVARIKAFLR,,1.84,1
15053,KRIVQRIKAFLR,,1.91,1
15069,KRIVKRIKAFLR,,1.91,1
8075,IRIRCRRRFCRIRI,AMD,1.92,1
5823,RRIRPRPPRLPRPRPRP,,1.93,1
15060,KRIVKRIKDFLR,,1.97,1
15058,KRKVQRIKDFLR,,1.99,1
15068,KRIVKRIKKFLR,,1.99,1
11542,GSGSGSGSLKKIFKKPMVIGVTIPF,AMD,2,1
3136,GLLKLIKTLL,AMD,2,1
3137,GLLKIIKTLL,AMD,2,1
3138,GLLKFIKTLL,AMD,2,1
13634,RWYRRWYRRWYR,AMD,2,1
8771,LLRRVARLLKRFAK,,2,1
3147,GLLKRIKWLL,AMD,2,1
9549,KKRLKKIFKKPMVIGVTIPF,AMD,2,1
3462,KWLKKLLKKLL,AMD,2,1
3465,KLLKWLKKLLK,AMD,2,1
3466,LKKLLKWLKKL,AMD,2,1
3468,KLLKKLLKWLK,AMD,2,1
3469,KKLLKKLLKWL,AMD,2,1
1179,QRKIRVRLSA,,2,1
12764,SRRYKKFRWKFKGRWFWFG,AMD,2,1
12520,GGHGRRWKIVVIRWRR,AMD,2.03,1
8077,FRFRCRRRFCRFRF,AMD,2.05,1
629,GGLRSLGRKILRAWKKYG,AMD,2.06,1
10405,KEFKRIVQRIKDFLRNLV,,2.1,1
14037,VIHKWKLFKKIGAVLKVL,AMD,2.12,1
10047,RFRRLFRIRVRVLKKI,AMD,2.16,1
8306,FKRLKKLISWIKRKRQQ,AMD,2.26,1
6804,GIGKHVGKALKGLKGLLKGLGEC,AM,2.32,1
8957,RIKRFWPVVIRTVVAGYNLYRAIK,,2.34,1
8507,RRIRPRPPRLPRPRPRC,BY,2.35,1
5586,RLYRRLYRRLYRRLYR,AMD,2.37,1
7819,SFKKFWGGVKAIFKGARKGWK,,2.43,1
13632,KWYKKWYKKWYKKWYK,AMD,2.45,1
12418,FFKLIPKLVKKLIKAFK,AMD,2.48,1
1861,FFPIVGKLLSGLSGLL,AMD,2.5,1
12691,GIGAVLKVLTTGLPALIKRKRQQ,,2.5,1
5609,FLPIIGKLLSGLL,,2.5,1
1783,GIGKFLHAAKKFAKAFVAEIMNS,AMD,2.5,1
12926,LLKAAAKAAAKLL,AMD,2.57,1
9964,FRIRVRVFKRIVQRIKDFLR,AMD,2.65,1
5718,GFMSKVANFAKKFAKGGVNAIMNQK,,2.69,1
197,KKLFKKILKYL,AMD,2.85,1
14035,AAKAWLKLWAKAA,AMD,2.86,1
14830,SNVYRPPPYRPVYRPLRRPGYRP,AMD,2.86,1
5245,RRIRPRPPRLPRPRPRPLPFPRP,,2.88,1
8517,RRIRPRPPRLPRPRPRPLPYPRP,,2.9,1
13039,AARIILRWFRR,AMD,2.91,1
9754,KIAKVALKALKIAKGALKAL,AMD,3,1
1570,FLPIVGKLLSGLSGLL,,3,1
3135,GLLKVIKTLL,AMD,3,1
3151,KLLKFIKTLL,AMD,3,1
12375,HRVKRNGFRKFMRRLKKFFAGG,,3,1
10343,AKKFFKKPRVIGVSIPF,,3,1
1641,INLKAIAAMAKKLL,AMD,3,1
10648,GRFRRLRKKTRKRLKKIGKVLKLI,AMD,3,1
14213,ILGKIWKGKKSLF,AMD,3.04,1
8078,WRCRRRFCRW,AMD,3.05,1
10641,GRFRRLRKKTRKRLKKIGKVLKWI,AMD,3.07,1
15890,RLKKIGWVLKWI,AMD,3.08,1
15891,RLWKIGKVLKWI,AMD,3.08,1
5477,GILNTIKSIASKLKRKAK,,3.08,1
13854,FFHHIFRGIVHVGKTKHRLVTG,AMD,3.1,1
13886,FFHHIFRGKVHVGKTIHRLVTG,AMD,3.1,1
12611,KKWRAWLKWLAKK,,3.1,1
5476,GILKTIKSIASKLKRKAK,,3.1,1
10711,MMRVMRRKTKVIWEKKDFIGLYSID,,3.1,1
15104,RKGSRMGKKCECP,,3.11,1
13457,IRRRIRLIVRRQI,AMD,3.12,1
13042,KLLRHRLLVTLA,,3.12,1
12531,RFRPPIRRPPIRPPFYPPFRPPIRP,,3.12,1
13044,RRFKLLSHSLLVTLASHL,,3.12,1
9753,KIAKVALKALKIAKVALKAL,AMD,3.14,1
12947,WWKAAAKAAAKWW,AMD,3.15,1
12113,PKILNKILGKILRLAAAFK,,3.17,1
12114,PKILNKILGKILRLAAAFK,AMD,3.17,1
3733,FLPKLFAKITKKNMAHIR,,3.2,1
10923,GKPKPYSPRPTSHPRPIRV,,3.26,1
14630,RKWRIVVIRVRR,AMD,3.27,1
14235,RWRWWWRWRA,AMD,3.29,1
13690,WKVKWKVKWKVK,AMD,3.3,1
14631,RWRRIVVIRVRR,AMD,3.33,1
1204,RRWRIVVIRVRR,AMD,3.33,1
14628,RRFRIVVIRWLR,AMD,3.34,1
11236,GIKDLLKGAAKALVKTVLK,AMD,3.35,1
15889,RWKKIGWVWKWI,AMD,3.38,1
13692,WKIKWKIKWKIK,AMD,3.38,1
9893,WRPGRWWRPGRW,AMD,3.39,1
11363,DNTDSVVKIQSWFRMATARKSYL,,3.4,1
14232,GRWRWWWRWRA,AMD,3.4,1
11256,KVLSKVHTLLKAVLAL,AMD,3.47,1
11303,VKKFAWWWAFLKK,AMD,3.48,1
15071,KRIVARIKAALR,,3.49,1
14629,RRWRIVVIRWRR,AMD,3.5,1
8956,RIKRFWPVVIRTVVAGYNLYRAIKK,,3.52,1
447,KWKLFKKIGAVLKVL,AMD,3.55,1
15847,RRWTWWWTWRR,AMD,3.55,1
13677,RWLRWKTRWRLK,AMD,3.57,1
10701,RIRWILRYWRWS,,3.58,1
15073,KRAAQRIKAFLR,,3.65,1
13631,KWYKKWYKKWYK,AMD,3.68,1
5137,VRRFAWWWAFLRR,AMD,3.7,1
15072,KRIAQRIKAFLR,,3.75,1
9880,GVVVRVGRVVVRWVRR,AMD,3.78,1
10229,ASVVNKLTGGVAGLLK,,3.82,1
7431,GLLKWIKKLL,AMD,3.88,1
8927,INWKKMAATALKMI,AMD,3.9,1
146,KRIVQRIKDFLR,,3.93,1
12832,INWLAIAKKVAGML,AMD,4,1
12836,INWKKIAKKVAGML,AMD,4,1
8770,LLRRVAGLLKQFAK,,4,1
10075,KARQWQWKIRRTWPIFAIRR,,4,1
12135,HGVSGHGQHGTHG,,4,1
3710,QVFTLIKGATQLIRKTLGEQ,,4,1
3461,WLKKLLKKLLK,AMD,4,1
3463,LKWLKKLLKKL,AMD,4,1
904,WKLFKKILKVL,AMD,4,1
3464,LLKWLKKLLKK,AMD,4,1
3467,LLKKLLKWLKK,AMD,4,1
3470,LKKLLKKLLKW,AMD,4,1
9877,WLRAFRRLVRRLARGLRR,AMD,4,
13726,KWAVRIIRKFIKGFIS,AMD,4,1
1183,QKKIRVRLSA,,4,1
14006,LRRLRRRWWWRRRLRRL,AMD,4,1
13765,GLWRVIRKVASVIGGL,,4,1
2021,KISKKIMRTFLRRISKDILTGKK,AMD,4,1
2023,KILRGVSKKIMRTFLRRILTGKK,AMD,4,1
4329,VKRFKKFFRKLKKSVK,AMD,4,1
15101,FAKKFAKKFKKFAKKFAKFAFAF,AMD,4,1
15059,KRIKQRIKDFLR,,4.01,1
13811,GALSLLSLLGKLL,AMD,4.02,1
13813,GLLSALSLLGKLL,AMD,4.02,1
13814,GLLSLASLLGKLL,AMD,4.02,1
13816,GLLSLLSLAGKLL,AMD,4.02,1
13817,GLLSLLSLLGKAL,AMD,4.02,1
13818,GLLSLLSLLGKLA,AMD,4.02,1
13819,GLLSALKALGKLL,AMD,4.02,1
9966,FRIRVRVKWKLFKKI,AMD,4.04,1
14036,GGHKWKLFKKIGAVLKVL,AMD,4.05,1
11893,LNALKKVFQGIHEAIKKI,AMD,4.11,1
4969,FKRLKKLFKKIWNWK,,4.14,1
11232,KIALKALKALKALGKALKAL,AMD,4.14,1
5248,RRIRPRPPRLPRPRPR,,4.15,1
15144,WKWKWKNGKWKWKW,,4.16,1
15147,WKWKWENGKWKWKW,,4.16,1
3697,GLFSKFAGKGIKNFLNKGVKHIGKE,,4.2,1
11892,LNALKKVFQKIHEAIKLI,AMD,4.22,1
11894,LNALKKVFQKIHEAIKKI,AMD,4.25,1
8203,FLKGIVGMLGKLF,AMD,4.27,1
14949,KWKLFKKIWWPFLRR,AMD,4.27,1
12121,RGGRLCYCRRRFCVCVGR,AMD,4.32,1
9113,FLKGIVGMLGKLW,AMD,4.39,1
12841,LKLLGIVKKVLGAI,AMD,4.4,1
8509,RRIRPRPPRLPRPRPC,BY,4.4,1
11365,ANVGFVIQLQARLRGFLVRQKFA,,4.5,1
12417,FFSLIPSLVKKLIKAFK,AMD,4.56,1
11271,FFKLIPKLVKGLISAFK,AMD,4.57,1
5247,RRIRPRPPRLPRPRPRPL,,4.57,1
10637,RKKTRKRLKKIGKVLKWI,AMD,4.57,1
12229,FLRSLLRGAKAIYRGARAGWRG,AMD,4.68,1
14730,GWWRRAVAKVRK,AMD,4.69,1
8959,RIKRFWPVVIRTVVAGYNLYRA,,4.69,1
628,GRFKRFRKKFKKLFKKLS,AMD,4.7,1
12620,AKKVFKRLPKLPSKIWNWK,AMD,4.75,1
14723,GWWRRTVAKVRK,AMD,4.79,1
129,GLRKALRKFRNKIKEALKKI,,4.83,1
6792,AKKVFKRLPKLFSKIWNWK,AMD,4.85,1
894,AKKVFKRLEKLFSKIWNWK,AMD,4.91,1
11253,LHRLVKLVAALLRGYASKVDTH,AMD,4.92,1
6649,KALWKTLLKKVLKA,AMD,4.93,1
7820,FFKKFWGGVKAIFKGARKGWK,,4.99,1
3121,GLLKAIKTLL,AMD,5,1
1862,FFPIVGKLLFGLFGLL,AMD,5,1
1863,FLPIVGKLLSGLSGLS,AMD,5,1
15035,KRIAQRIKDFLR,,5,1
5610,FLPIIGKLLSG,,5,1
1787,GIGKFLHSAKKFAKAFVAEIMNS,AMD,5,1
9894,WRPGRWWRPGRWWRPGRW,AMD,5.07,1
9010,FFHHIFRGIVHIGKTIHRLVTG,AMD,5.17,1
9903,WRNGRWWRNGRWWRNGRW,AMD,5.17,1
14107,FRKKLKKLFKKLSPVIPLLKLG,,5.2,1
14108,FRKKLKKLFKKLSPVIPLLKLG,AMD,5.2,1
9984,FFHHIFRGIVHVGKKIHRLVKG,AMD,5.26,1
8610,KRFWQLVPLAIKIYRAWKRR,,5.26,1
13067,AARIILRGRFR,AMD,5.31,1
12519,GGHRRWKIVVIRWRR,AMD,5.33,1
13071,AARIILRARFR,AMD,5.37,1
5715,GWLPTFGKILRKAMQLGPKLIQPI,,5.42,1
10636,RRLRKKTRKRLKKIGKVLKWI,AMD,5.42,1
2325,KLKLLKLLKLLKLLK,AMD,5.43,1
15904,KRFWPLVPVAINTVALYKAIRRK,AMD,5.48,1
13016,KKLTLWLTLKK,AMD,5.5,1
11882,GLNALKKVFQKIHEAIKLINNHVQ,AMD,5.52,1
13066,AARIILRIRFR,AMD,5.54,1
13073,AARIILRLRFR,AMD,5.54,1
13015,RRLGLWLGLRR,AMD,5.58,1
11367,ANLDAIIKIQAWARMWAARRQYL,,5.6,1
10645,GVFRVLRKVTRVVLKVIGKVLKWI,AMD,5.62,1
8594,GLFDVIKKLLKKIKGL,AMD,5.63,1
1739,RRWKIVVIRWRR,AMD,5.69,1
4454,RPKPQQFFGLM,AMD,5.7,1
11366,TWLPAVIKIQAHWRGYRQRKIYL,,5.7,1
14034,LWKAAAKAAAKLW,AMD,5.72,1
12574,RFRPPIRRPPIRPPFYPPFRPPI,,5.74,1
11885,WLNALKKVFQGIHEAIKLIWNHVQ,AMD,5.78,1
8076,FRCRRRFCRF,AMD,5.78,1
13028,AARIILRWRFR,AMD,5.83,1
13029,AARRILRWIFR,AMD,5.83,1
11233,GWKDLLKGAAKALVKTVF,AMD,5.85,1
11234,GIKDLLKGAAKALVKTVLF,AMD,5.97,1
12946,WFKAAAKAAAKFW,AMD,5.99,1
3153,KLLKVIKKLL,AMD,6,1
1640,INLKAIAALAKKLL,AMD,6,1
6768,LRKLRKRLVRLASHLRKLRKRLL,,6,1
15103,FKLRAKIKVRLRAKIKL,AMD,6,1
14720,GWWRRTVAKVRNAGRK,AMD,6.02,1
15146,WKWKWKNGKWKWKWGGGLVTLVFV,,6.05,1
12601,RRLRLLLRLRR,AMD,6.08,1
12602,RLLRRLRRLLR,AMD,6.08,1
12605,RRIRIIIRIRR,AMD,6.08,1
13636,KWGKKWGKKWGK,AMD,6.09,1
13679,VRLRVKTRVRLK,AMD,6.1,1
14948,KWKLFKKIRFGRFLRKIRRFRPK,AMD,6.22,1
11525,FFRNLWKGAKAAFRAGHAAWRA,,6.25,1
13445,AIKIRKLFKKLLR,AMD,6.25,1
13446,GIKIRKLFKKLLR,AMD,6.25,1
13450,RLFIKKLKFITRR,AMD,6.25,1
13452,KFRKFGKQVWVRL,AMD,6.25,1
13454,KVWSRLRKIFSTR,AMD,6.25,1
13456,IRRWRLHWFRRAI,AMD,6.25,1
13459,RWIRWVWRKKLRI,AMD,6.25,1
12967,KLLSHSLLVTLA,,6.25,1
13043,VRFKLLSHSLLVTLASHL,,6.25,1
13680,LRLRLKTRLRLK,AMD,6.27,1
12609,KKWRWWLKALAKK,,6.3,1
11362,EQEENVVKIQAFWKGYKQRKEYM,,6.3,1
8612,NLCASLRARHTIPQCKKFGRR,,6.3,1
3257,KKLLKWLLKLL,AMD,6.3,1
14643,FPRRWQWRRPF,AMD,6.52,1
14700,KILKRLAAKIKKIL,AMD,6.56,1
14701,INLKKLAARIKKKI,AMD,6.56,1
4189,RIGVLLARLPKLFSLFKLMGKKV,,6.58,1
14632,RWKRIVVIRKRR,AMD,6.67,1
13913,RFRRLRWKTRWRLKKIWWPFLRR,AMD,6.7,1
15848,RRWGWWWGWRR,AMD,6.75,1
12603,RRFRFFFRFRR,AMD,6.76,1
13691,WKLKWKLKWKLK,AMD,6.76,1
14243,GWWRRWRRWWA,AMD,6.8,1
14258,RWRWWWRWRF,AMD,6.88,1
4575,IWRIFRRIFRIF,AMD,6.89,1
14236,GRWRWWWRWRV,AMD,6.92,1
14241,SRWRWWWRWRA,AMD,6.92,1
14178,GRWRWWWRWRI,AMD,6.97,1
14208,GRWRWWWRWRL,AMD,6.97,1
14242,TRWRWWWRWRA,AMD,6.98,1
15849,RRWSWWWSWRR,AMD,6.99,1
13693,WRVRWKVRWRVK,AMD,7.02,1
13682,WRVRWKTRWRVK,AMD,7.03,1
13674,RWLRKWTRKWLK,AMD,7.04,1
13676,RRLWKKTWKRLW,AMD,7.04,1
14199,RWRWWWRWRW,AMD,7.04,1
11305,VKKFPWWWAFLKK,AMD,7.07,1
14642,KWRRWQWRRWK,AMD,7.09,1
2304,GFRDVLKGAAKAFVKTVAGHIAN,AMD,7.12,1
13675,WRLRWKTRWRLK,AMD,7.14,1
13683,WRIRWKTRWRIK,AMD,7.14,1
10921,GRPNPVPNPRPPHPRL,,7.2,1
13687,WRVRWRVRWRVR,AMD,7.24,1
13678,RRLRWWTRWRLK,AMD,7.25,1
14190,GRWRWWWRWRW,AMD,7.26,1
13688,WRTRWRTRWRTR,AMD,7.26,1
10922,GNNRPVYIPQPKPPHPRL,,7.29,1
15846,RRWQWWWQWRR,AMD,7.32,1
13685,WRLRWRTRWRLR,AMD,7.36,1
13681,RWLRWWTRWRLK,AMD,7.37,1
13686,WRLRWRLRWRLR,AMD,7.41,1
13684,WRFRWKTRWRFK,AMD,7.42,1
5143,VRRFPWWWAFLRR,AMD,7.5,1
1564,INWKGIAAMAKKLL,AMD,7.5,1
1864,FFPIVGKLLSGLL,AMD,7.5,1
11397,YKAWRWAWRWK,AMD,7.5,1
11400,YRMWRWRWRWR,AMD,7.5,1
1947,FMPIIGRLMSGSL,,7.5,1
14261,VRRFPWWYPFLRR,AMD,7.51,1
12607,RRWRWWWRWRR,AMD,7.54,1
15049,KRIVARIKDFLR,,7.58,1
10924,GKPRPYSPKPTSHPRPIRV,,7.6,1
5135,VRRFPWWWPFLRR,AMD,7.61,1
9883,GVVVRVARVVVRWVRR,AMD,7.62,1
15034,KRAVQRIKDFLR,,7.66,1
2370,FFHHIFRGIVHVGKTIHRLVTG,AMD,7.72,1
9882,GVVVRVPRVVVRWVRR,AMD,7.73,1
9884,GKYGFYTHVFRLKKWIQKVIDQFGE,,7.73,1
5567,AKRLKKLAKKIWKWK,AMD,7.73,1
15057,KKIVQRIKDFLR,,7.73,1
15061,KRIVQKIKDFLR,,7.73,1
15066,KRIVQRIKDFLK,,7.73,1
15064,KRIVQRIKDKLR,,7.78,1
10137,GWLDVAKKIGKAAFNVAKNFL,,7.8,1
8924,INWKALLDAAKKVL,AMD,7.8,1
10706,FLGGLIKWKWPWWPWRR,AMD,7.81,1
10707,FLGGLIKKWPWWPWRR,AMD,7.81,1
10708,FLGGLIKWPWWPWRR,AMD,7.81,1
10710,FLGGLIKWWPWRR,AMD,7.81,1
7271,GVVDILKGAAKAIAGHLASKVMNKL,AMD,7.83,1
11026,KWKIRVRLSA,AMD,7.86,1
14644,FWRRWQWRRRWF,AMD,7.86,1
15969,GLFGAIAGFIKNGWKGMIKG,AMD,7.86,1
15036,RLFDKIRQVIRK,,7.87,1
5933,GVLDILKGAAKDLAGHVATKVI,,7.89,1
8815,AKRLKKLFKKIWNWK,AMD,7.97,1
8816,FKRLKKLAKKIWNWK,AMD,7.97,1
14880,GLFAIIKKIAESF,AMD,8,1
1057,PFFWRIRIRR,AMD,8,1
5670,YSKSLPLSVLNP,,8,1
10041,RRWQWRLCYCRRRFCVCVG,,8,1
8769,LLSNVAGLLKQFAK,,8,1
3145,GLLKRIKFLL,AMD,8,1
10076,KSRQWQWKIRRTWPIFSIRR,,8,1
10077,KWRQWQSKWRRTNPWFWIRR,,8,1
12129,HGVSGHGQHGVHG,,8,1
1172,QKAIRVRLSA,,8,1
10651,KRRWPWWPWRLI,AMD,8,1
10652,KKLIKVFAKGFKKAKKLFKGIG,AMD,8,1
10402,RLLFRKIRRLKR,,8,1
14000,FRRFRRRWRRRFRRF,AMD,8,1
691,KIAGKIAKIAGKIAKIAGKIA,AMD,8,1
692,KLAGLAKKLAGLAKKLAGLAK,AMD,8,1
693,KIGAKIKIGAKIKIGAKI,AMD,8,1
10171,KFWKLLKKALRLWAKVL,AMD,8,1
3772,GFGSLLGKALRLGANVL,AMD,8,1
12758,GKKYRRFRWKFKGKLFLFG,AMD,8,1
12763,GCKKYRRFRWKFKGKLFLFG,AMD,8,1
11749,KWAFRVAYRGIAYRRAR,,8,1
4332,VKRFKKFFRKLKKSVKK,AMD,8,1
7676,VQWRIRIAVIRA,,8,1
484,RRRRRRAAFAAWAAFAA,AMD,8.01,1
15932,GGHKWKLFKKIGAVLKVL,,8.11,1
11891,LNALKKVFQGIHEAIKLI,AMD,8.15,1
7010,KIFGAIWPLALGALKNLIK,AMD,8.27,1
5566,FKRLKKLFKKIWNWK,AMD,8.27,1
9469,FLPAALAGIGGILGKLF,AMD,8.29,1
10815,VDNANDLLSKVKKDKSD,,8.3,1
9111,FLKGIVGMLGKLL,AMD,8.34,1
11173,GKEFKRIVGRIYRLCCR,AMD,8.39,1
9907,VFRLKKWMQKVIDRFGG,,8.45,1
15933,VIHKWKLFKKIGAVLKVL,,8.5,1
14782,KKLFKKILRYL,AMD,8.5,1
4652,FFGWLIKGAIHAGKAIHGLIHRRRH,,8.68,1
10487,FFGWLIKGAIHAGKAIHPLIHRRRH,,8.8,1
9881,GVVVRVGRVVVRWVRRRR,AMD,8.81,1
8079,WRWRCRRRFCRWRW,AMD,8.83,1
3442,GFGMALKLLKKVL,AMD,8.87,1
1187,KWKLFKKIGAVLKVL,,8.88,1
3157,GLLGPLLKIAAKVGSNLL,AMD,8.89,1
11270,FFSLIPKLVKGLISAFK,AMD,8.96,1
14657,FLQKIIGALGKLF,AMD,8.98,1
833,ILGPVISTIGGVLGGLLKNL,AMD,9,1
3144,GLLKRIKILL,AMD,9,1
9381,LKKLLKLCKKLCKLAG,,9.03,1
11264,ANRLLEAYKMLLKFLGNLR,AMD,9.06,1
3359,GIGKHVGKALKGLKGLLKGLGES,AMD,9.06,1
9986,FFHHIFRGIVHVGKKIHRLVTG,AMD,9.1,1
9370,LKKLLKLLKKLLKLAG,,9.13,1
9371,LKKLLKLLKKLLKLAG,AMD,9.13,1
6808,GLKGLLGKALKGIGKHIGKAQGC,AM,9.18,1
7670,GWLDVAKKIGKAAFNVAKNFI,AMD,9.18,1
14728,GWWARTVAKVRK,AMD,9.19,1
14729,GWWRATVAKVRK,AMD,9.19,1
7144,RFRRLRWWTRKRLKKI,AMD,9.21,1
7145,RFRRLRWKTRWRLKKI,AMD,9.21,1
4616,LLQWLSKLLGRLL,AMD,9.32,1
3358,GIRDVLKGAAKAFVKTVAGHIAN,AMD,9.36,1
14732,GWWRRTVAAVRK,AMD,9.36,1
14735,GWWRRTVAKVRA,AMD,9.36,1
14044,GIIKKIIKKIIKKI,,9.36,1
8960,RIKRFWPVVIRTVVAGYNLYR,,9.38,1
8981,IKRFWPVVIRTVVAGYNLYRAIKKK,,9.38,1
8775,VKRWKKWRWKWKKWV,AMD,9.38,1
10591,TRRKFWKKVLNGALKIAPFLLG,,9.38,1
8958,RIKRFWPVVIRTVVAGYNLYRAI,,9.38,1
11172,GKEFKRIVKWPWWPWRR,AMD,9.43,1
5862,LVQRGRFGRFLRKIRRFR,,9.45,1
7818,RFRRLRWRTRWRLRRI,AMD,9.53,1
4738,INWKKLLDAAKQIL,AMD,9.61,1
14722,GWWRRTVAKVRN,AMD,9.63,1
11370,KNVNSIVKIQAFFRARKAQDDYR,,9.8,1
3644,LNLKGIFKKVASLLT,,9.89,1
9338,GRRPRPRPRPFFFFF,AMD,9.9,1
7117,FRVTWRTKWWKG,AMD,9.91,1
7119,FKVTWKTKWWKG,AMD,9.91,1
130,GLRKRLRKARNKIKEKLKKI,,9.94,1
9328,GRRPRPRPRPWWWW,,9.95,1
10396,WRRRYRRWRRRRRWRRRPRR,AMD,9.95,1
10285,FRRPFKWFRRFFKFF,AMD,9.96,1
10286,FRRFFKWPRRFFKFF,AMD,9.96,1
10287,FRRFFKWFRRPFKFF,AMD,9.96,1
2865,LLKWLLKWLKK,AMD,10,1
6748,RRWYRWAWRMR,AMD,10,1
6749,YRWWRWARRW,AMD,10,1
11398,YRAWRWAWRWR,AMD,10,1
11399,YRMWRWAWRWR,AMD,10,1
11235,GFKDLLKGAAKALVKTVLK,AMD,10.02,1
11368,FKRFIGSVKHGIGHLVHHIGVAL,AMD,10.1,1
11369,FLRFIGSVKHGKGHLVHHIGVAL,AMD,10.1,1
13939,GIIAGIIIKIKK,AMD,10.15,1
11356,FKRFKGSVKHGKGHLVHHIGVAL,AMD,10.22,1
104,GLRKRLRKFRNKIKEKLKKI,,10.24,1
131,GLRKRLRKFRNKIKQKLKKI,,10.24,1
13009,KKLGLWLGLKK,AMD,10.29,1
13014,KKIGIWIGIKK,AMD,10.29,1
5716,GVWSTILGGLKKFAKGGLDAIVNPK,,10.3,1
10288,FRRPFKWPRRFFKFF,AMD,10.39,1
10289,FRRFFKWPRRPFKFF,AMD,10.39,1
12804,LKLMGIVKKVLGAL,AMD,10.4,1
3734,FLPKLFAGIISKNF,,10.5,1
12575,RFRPPIRRPPIRPPFYPPFRP,,10.64,1
11933,GLNALKKVFQGIHEAIKKINNHVQ,AMD,10.81,1
1004,GWGSFFKKAAHVGKHVGKAALTHYL,AMD,10.86,1
9329,GRRPRPRPRPWWWWW,,10.88,1
8592,GLFDVIKKVLKKIGGL,AMD,10.91,1
13069,AARIILRTRFR,AMD,10.97,1
3123,GLLKRIATLL,AMD,11,1
8593,GLFDVIKKLLKKIGGL,AMD,11,1
7581,NGVQPKYKWWKWWKKWW,AMD,11,1
7583,NGVQPKYKWWKWWKKWWW,AMD,11,1
8074,IRCRRRFCRI,AMD,11.02,1
11883,GLNALKKVFQKIHEAIKKINNHVQ,AMD,11.1,1
7432,GLLKFIKKLL,AMD,11.16,1
13006,GKKLGLWLGLKKG,AMD,11.21,1
4926,GLLGPLLKIAAKVGSKLL,AMD,11.3,1
13072,AARIILRFRFR,AMD,11.34,1
11238,GKLGPLLKIAAKVGSKLL,AMD,11.4,1
13040,AARIILRRRFR,AMD,11.41,1
12945,WIKAAAKAAAKIW,AMD,11.44,1
13070,AARIILRYRFR,AMD,11.47,1
9910,YGFYTHVFRLKKWMQKVIDRFGG,,11.52,1
4554,LRRLWLRANRLLRRLWLRANRL,AMD,11.66,1
10644,GVFRRLRKVTRKVLKKIGKVLKWI,AMD,11.71,1
3050,RIIDLLWRVRRPQKPKFVTVWVR,AMD,11.85,1
5317,RIIDLLWRVRRPQKPKFVTVWVR,,11.86,1
14721,WWRRTVAKVRNAGRK,AMD,11.88,1
10639,RLKKIGKVLKWI,AMD,11.88,1
10488,FFGWLIKGAIHAPKAIHPLIHRRRH,,11.9,1
4594,GIIKKIIKKIIKKI,AMD,11.98,1
844,ILGPVISKIGGVLGGLLKNL,AMD,12,1
6769,LRKLRKRLLLRKLRKRLL,,12,1
10485,FFGWLIKPAIHAGKAIHGLIHRRRH,,12.03,1
15145,LVTLVFVGGGWKWKWKNGKWKWKW,,12.1,1
2300,GFKDLLKGAAKALVKTVLF,AMD,12.14,1
2302,GFKDLLKGAAKALVKTVLF,,12.14,1
14212,ILGKIWEGKKSLF,AMD,12.17,1
5015,HKLGTLVNLAKKIL,AMD,12.4,1
774,RVKRVWPLVIRTVIAGYNLYRAI,,12.41,1
775,LVIRTVIAGYNLYRAIKKK,,12.45,1
773,RVKRVWPLVIRTVIA,,12.47,1
7702,KFFKKLKKAVKKGFKKFAKV,,12.5,1
3102,LLKKLLKKLLKKLLKK,AMD,12.5,1
5681,FIPLVSGLFSRLL,AMD,12.5,1
5682,VIPIVSGLLSSLL,AMD,12.5,1
12610,KKWRKWLKALAKK,,12.5,1
9562,FFHHIFRGIVHVGKTIHKLVTG,,12.5,1
4451,FFGSLLSLGSKLLPSVFKLFQRKKE,,12.5,1
13448,GIKFFLKKLKKHI,AMD,12.5,1
13458,HFKIRKRFVKKLV,AMD,12.5,1
12453,KLLKHKLLVTLA,,12.5,1
12966,VNFKLLSHSLLVTLASHL,,12.5,1
942,FLGWLFKWAKK,AMD,12.5,1
943,FLKWLFKWAKK,AMD,12.5,1
946,FAKWAFKWLKK,AMD,12.5,1
3256,KKLLKWLKKLL,AMD,12.5,1
5617,KKFLHSAKKWLKAFVKLFKNW,,12.5,1
5618,GIGKLFLHAAKKFAKAFVAEKMNS,,12.5,1
4867,FFHHIFRGIVHVGKTIHRLVTG,,12.51,1
776,VWPLVIRTVIAGYNLYRAIKKK,,12.51,1
8350,MWITNGGVANWYFVLAR,,12.51,1
14719,GWWRRTVDKVRNAGRK,,12.52,1
3004,GRLQAFLAKMKEIAAQTL,AMD,12.52,1
3003,GKLQAFLAKMKEIAAQTL,AMD,12.57,1
14624,FFGHLFKLATKIIPSLFR,,12.61,1
9879,GVVVRVGRVVVRWV,AMD,12.63,1
9004,FFHHIFRGAVHVGKTIHRLVTG,AMD,12.65,1
5021,HFLGTLVKLAKKIL,AMD,12.66,1
5018,HFLGKLVNLAKKIL,AMD,12.77,1
5019,HFLGTLKNLAKKIL,AMD,12.78,1
9006,FFHHVFRGIVHVGKTIHRLVTG,AMD,12.79,1
9007,FFHHIFRGVVHVGKTIHRLVTG,AMD,12.79,1
9008,FFHHIFRGIVHVGKTVHRLVTG,AMD,12.79,1
5513,GIGKFLHKVGSFIKSWKGEIMNS,AMD,12.84,1
8647,RGRKVVRRKK,,12.86,1
10715,RRRRRFRRVIRRIRLPKYLTINTE,,12.91,1
9729,FSIARLLKWWKG,AMD,13,1
3143,GLLKRIKLLL,AMD,13,1
10342,FKKFFKKLKNSVKKR,,13,1
9713,FSVTWRWWKWWKG,AMD,13,1
14240,GRWRWWWRWR,AMD,13.04,1
15888,RWKKIGKVWKWI,AMD,13.05,1
14633,RKRRIVVIRRKR,AMD,13.1,1
5017,HFLKTLVNLAKKIL,AMD,13.12,1
11852,GFKRIVQKIRDFLRNLV,AMD,13.15,1
11853,GFRKIVQKIRDFLRNLV,AMD,13.15,1
6070,GFKRIVQRIKDFLRNLV,AMD,13.15,1
14237,RWRWWWRWRV,AMD,13.38,1
14209,RWRWWWRWRL,AMD,13.49,1
9895,WRPGRWWRPGRWWRPGRWWRPGRW,AMD,13.49,1
6928,GLKALKKVFQGIHKAIKLINNHVQ,,13.52,1
6929,GLKALKKVFKGIHKAIKLINNHVQ,,13.52,1
12604,RFFRRFRRFFR,AMD,13.52,1
6931,GLKALKKVFKGIHKAIKLINKHVQ,,13.6,1
6932,GLKALKKVFKGIHKAIKLINKHVK,,13.6,1
7007,FFGSIIGALAKGLPSLISLIKK,AMD,13.66,1
8259,GMASKAGAIAGKIAKVALKALGGC,AMD,13.8,1
2204,FLSGIVGMLGKLF,AMD,13.82,1
9902,WRNGRWWRNGRW,AMD,13.83,1
14207,GRWRWWWRWRF,AMD,14.22,1
8248,GMASKAGAIAGKIAKVAWKALGGC,AMD,14.26,1
2504,GFMKYIGPLIPHAVKAISDLI,AMD,14.28,1
14267,VRRFPWWAPFLRR,AMD,14.29,1
8921,LRVRLASHLRKLRKRLLR,,14.29,1
2507,GFMKYIGPLIPHAVKAISKLI,AMD,14.37,
2508,GFMKYIGPLIPHAVKAIKKLI,AMD,14.63,1
10486,FFGWLIKGAIHAPKAIHGLIHRRRH,,14.67,1
7114,FPVTWKWWKWWKG,AMD,14.7,1
10284,FRRFFKWFRRFFKFF,AMD,14.71,1
482,KKKKKKAAFAAWAAFAA,AMD,14.73,1
2509,GFMKYIKPLIPHAVKAISKLI,AMD,14.82,1
12118,IHKFWRGGRWFKHI,AMD,14.95,1
3196,GLWSKIKEAAKTAGLMAMGFVNDMV,,14.96,1
10638,TRKRLKKIGKVLKWI,AMD,14.97,1
15054,KRIVQRIKDALR,,14.98,1
5142,VRRFAWWWPFLRR,AMD,15,1
1563,INWKGIAAMKKLL,AMD,15,1
1865,FFPIVGKLLFGLL,AMD,15,1
1948,INMKASAAVAKKLL,,15,1
7666,WKRLVAASAKKK,AMD,15,1
7667,KLKLVALHKQVL,AMD,15,1
14260,VRRFPWYWPFLRR,AMD,15.03,1
2510,GFMKYIKPLIPHAVKAIKKLI,AMD,15.08,1
2514,GFMKYIKPLIPHAVKAIKKLI,,15.09,1
9533,ILSLRWRWWKWKK,,15.12,1
7430,GLLKKIKWLL,AMD,15.17,1
9005,FFHHIFRGIVHVGKTAHRLVTG,AMD,15.18,1
10925,GKPRPYSPRPTSHPKPIRV,,15.21,1
7735,GLNTLKKVIQGLHEVIKLVNNHA,AMD,15.25,1
14045,GILKKILKKILKKL,AMD,15.26,1
12117,IHKFWRPGRWFKHI,AMD,15.27,1
9755,FFGRLKSVWSAVKHGWKAAKSR,,15.31,1
487,KKKKKKAAWAAWAAWAA,AMD,15.36,1
11230,KIGKALGKALKALGKALGKA,AMD,15.53,1
2305,GIKDWIKGAAKKLIKTVASHIANQ,,15.58,1
9521,IRVKIRVKIRVK,AMD,15.6,1
9627,VRVKVRVKVRVK,AMD,15.6,1
13735,KDRPKKPGLCPLIWWLIIKVG,AMD,15.62,1
13689,WRFRWRFRWRFR,AMD,15.63,1
13822,GLLSALKAAGKLL,AMD,15.7,1
15971,GLFGAIAGFIKKGWKGMVKG,AMD,15.72,1
8920,PMLRVRLASHLRKLRKRLLR,,15.72,1
15973,GLFGAIAGFIKKGWPGLVKG,AMD,15.74,1
6203,RQIKIWFQNRRMKWKK,AMD,15.75,1
15065,KRIVQRIKDFKR,,15.9,1
1546,GLWSTIKNVGKEAAIAAGKAALGAL,AMD,15.93,1
1652,FLSLIPHAINAVSAIAKHN,AMD,15.93,1
5934,GVLDILKGAAKDLAGH,,15.96,1
7680,VQWRIRVAVIRK,,16,1
7681,VQLRIRVCVIRK,,16,1
7684,VQWRIRIAVIRK,,16,1
14104,CFQWKRAMRKVR,AMD,16,1
12839,INWKKIKKKVAGML,AMD,16,1
12840,INWKKIKKKVKGML,AMD,16,1
14889,GLFDIIKKIAASF,AMD,16,1
3120,GLLARIKTLL,AMD,16,1
3124,GLLKRIKALL,AMD,16,1
8018,AGYLLGKINLKPLAALAKKIL,AMD,16,1
8019,AAYLLAKINLKALAALAKKIL,AMD,16,1
3940,GKLNLFLSRLEILKLFVGAL,,16,1
363,GKKYRRFRWKFKGKWFWFG,AMD,16,1
364,GKKYRRFRWKFRKGRFWFWG,AMD,16,1
9325,RRPRPRPRPWWWW,AMD,16,1
367,GRRYKKFRWKFKGRWFWFG,AMD,16,1
5499,AGYLLGKINLKALAALAKKIL,,16,1
1170,AKKIRVRLSA,,16,1
1176,QKKIRVALSA,,16,1
1178,QKKIRVRLAA,,16,1
1181,QRRIRVRLSA,,16,1
13998,LRRLRRRWRRRLRRL,AMD,16,1
14005,LRRLRRRWWRRRLRRL,AMD,16,1
10169,KFWSLLKKALRLWANVL,AMD,16,1
5051,KKIMRTFLRRISKDILTGKK,AMD,16,1
5054,KISKKIMRTFLRRILTGKK,AMD,16,1
10175,WFKKLLKKALRLWKKVL,AMD,16,1
5056,RILRGVSRRIMRRILTGRR,AMD,16,1
716,FPVTWRWWKWWKG,AMD,16,1
12757,GKKYRRFRWKFKGK,AMD,16,1
2022,KILRGVSKKIMRRISKDILTGKK,AMD,16,1
4335,LVKRFKKFFRKLKKSV,AMD,16,1
4337,LVKRFKKFFRKLKKSVKK,AMD,16,1
498,LLLFLLKKRKKRKY,,16,1
763,GIGKFLKKAKKFGKAFVKILKK,AMD,16,1
7678,VQLRIRVCVIRR,,16,1
481,RRRAAFAAWAAFAARRR,AMD,16.03,1
10000,IKQVKKLFKK,AMD,16.05,1
3479,GFWGKLWEGVKNAI,AMD,16.06,1
7269,GVVDILKGAAKDILGHLASKVMNKL,AMD,16.21,1
7227,FLFKLIPKAIKKLISKFK,,16.27,1
5863,RRFRPKVTITIQGSARF,,16.28,1
8709,GTVRRFPWWWPFLRR,,16.48,1
14411,RQYMRQIEQALRYGYRISRR,AMD,16.52,1
1160,GNNRPVYIPQPRPPHPRL,,16.87,1
14781,KRLFRKILKYL,AMD,17,1
9112,FLKGIKGMLGKLL,AMD,17.04,1
9110,FLKGIVGKLGKLF,AMD,17.06,1
13879,WLSKTAKKLWLSKTAKKL,AMD,17.09,1
14716,PMKKLKLALRLAAKIAPVW,,17.21,1
7815,RFRRLRIKTRIRLKKI,AMD,17.25,1
7019,SRWPSPGRPRPFPGRPKPIFRPR,,17.28,1
11261,FFGHIWHGARTLFRDVFA,AMD,17.41,1
9109,FLKGIKGMLGKLF,AMD,17.45,1
15798,RKCVRVQLIKNGKKITAF,AMD,17.69,1
12505,KIGVLKKYFKIGALIKAIIK,AMD,18,1
9327,GRRPRPRPRPWWW,,18.03,1
9379,CKKLLKLCKKLLKLAG,,18.06,1
9380,CKKLLKLLKKLCKLAG,,18.06,1
14658,FLQKIIGALGHLF,AMD,18.21,1
14659,FLQHIIGALGKLF,AMD,18.21,1
14734,GWWRRTVAKVAK,AMD,18.23,1
12842,PMARNKKLLKKLRLKIAFK,,18.42,1
7146,RFRRLRKWTRWRLKKI,AMD,18.42,1
7147,RFRRLRWKTRKRLWKI,AMD,18.42,1
7674,GWLDVAKKKGKAAFNVAKNFI,AMD,18.48,1
7821,SVKKFWGGVKAIFKGARKGLK,,18.5,1
14078,ILPWKWKWTPWRR,AMD,18.54,1
9372,LKKLLKLLKKLLKLAG,EN,18.69,1
1738,VKRFKKFFRKLKKSV,,18.7,1
8982,KRFWPVVIRTVVAGYNLYRAIKKK,,18.75,1
8773,VKRWKKWWRKLKKSV,AMD,18.75,1
8774,VKRWKKFWRKWKKWW,AMD,18.75,1
4328,VKRFKKFFRKLKKSV,AMD,18.75,1
3483,IPPFIKKVLTTVF,AMD,18.8,1
9965,FRIRVRVAKKFGKAFVGEIM,AMD,18.84,1
8798,RQIRIWFQNRRMRWRR,AMD,18.86,1
3901,ALYKKFKKKLLKSLKRLG,,18.88,1
15105,RKGSQMGKKCECP,,18.91,1
14731,GWWRRTAAKVRK,AMD,18.95,1
14733,GWWRRTVAKARK,AMD,18.95,1
9343,RRPRPRPRPFFFFF,AMD,19.22,1
11350,FLRFAGSVIHGAGHLVHHIGVAL,AMD,19.26,1
7656,GLRRALLRLLRSLRRLLLRA,,19.33,1
4623,FVQWFSKFLGKIL,AMD,19.37,1
10247,FLQHIIGALSHFF,AMD,19.42,1
10245,FIHHIIGALGHLF,AMD,19.45,1
14725,AWWRRTVAKVRK,AMD,19.47,1
4620,FLPWFSKFLGRIL,AMD,19.49,1
1026,FVQWFSKFLGRIL,AMD,19.69,1
8983,RFWPVVIRTVVAGYNLYRAIKKK,,19.75,1
13929,KKLRLKIAFK,,19.98,1
2863,LKKWLKKWLKK,AMD,20,1
2368,INLKAIAALAKKLL,,20,1
839,ILGPVLSMVGSALGGLIKKI,AMD,20,1
842,ILGPVLGLVGNALGGLIKKI,AMD,20,1
11395,YKARRWAWRWK,,20,1
11396,YKAWRWAWRWK,,20,1
5603,NLKAIAALAKKLL,,20,1
4625,FVQWFSRFLGRIL,AMD,20.02,1
7830,GWGDTFLKTMAKIAKVGPKLLHS,,20.02,1
5717,GLLSNVAGLLKQFAKGGVNAVLNPK,,20.1,1
9494,INLKILARLAKKIL,,20.13,1
3821,GLGSVLGKALKIGANLL,AMD,20.31,1
13950,AIIAGIIIKIKK,AMD,20.52,1
13962,GIKAGIIIKIKK,AMD,20.56,1
3155,GVWSTVLGGLKKFAKGGLEAIVNPK,,20.59,1
13011,LKGKLWLKGKL,AMD,20.59,1
11301,GIGRFLHSARRFGRAFVGEIMNS,,20.63,1
8515,IRPRPPRLPRPRPRPLPYPRP,,20.68,1
11890,ALNALKKVSQGIHEAIKLIANHVQ,AMD,20.78,1
3117,ALLKRIKTLL,AMD,21,1
12524,YGRKKRRQRRRSISLL,,21.12,1
9909,FYTHVFRLKKWMQKVIDRFGG,,21.28,1
12523,SISLLYGRKKRRQRRR,,21.42,1
3355,GLNALKKVFQGIHEAIKLINNHVQ,AMD,21.5,1
3481,ILSAIWSGIKSLF,AMD,21.52,1
8080,PRCRRRFCRP,AMD,21.53,1
3482,IWSAIWSGIKGLL,AMD,21.66,1
8137,KLLKWWKKLL,AMD,21.74,1
1074,KNLRRIIRKIIHIIKKYG,,21.76,1
1136,GLLSVLGSVAKHVLPHVVPVIAEHL,AMD,21.84,1
13065,AARIILRPRFR,AMD,21.88,1
6463,GILDPIKAFAKAAG,AMD,22,1
3142,GLLKRIKVLL,AMD,22,1
3146,GLLKRIKNLL,AMD,22,1
5936,IWLTALKFLGKNLGKHLAKQQLAKL,AMD,22.16,1
11237,GKLGPLLKIAAKVGSNLL,AMD,22.43,1
12579,RPPIRRPPIRPPFYPPFRPPIRP,,22.56,1
14713,AIWRKATRRLVKLIV,AMD,22.8,1
10920,GRPNPVPNPKPPHPRL,,23.06,1
8928,INWLKAKKVAGMIL,AMD,23.4,1
256,LKLLKKLLKKLLKLL,AMD,23.54,1
4133,FLHHIVGLIHHGLSLFGDRAD,,23.55,1
3244,KIAKVALKAL,AMD,23.6,1
3149,KLLKRIKTLL,AMD,24,1
10341,KRFKKFFKKLKKFVKKGFKKFAKV,,24,1
6770,CLRKLRKRLLC,,24,1
8674,RGRKGGRRKK,,24.03,1
12522,YGRKKRRQRRR,,24.14,1
3729,GLFTLIKGAYKNDAPTVACN,,24.3,1
12606,RIIRRIRRIIR,AMD,24.32,1
9911,GKYGFYTHVFRLKKWMQKVIDRFGG,,24.53,1
7116,FPVTWRTKWWKG,AMD,24.69,1
4113,GWANTLKNVAGGLCKITGAA,,100,0
550,SWKSMAKKLKEYMEKLKQRA,AMD,100,0
4153,GIGGALLSVGKSALKGLTKGLAEHF,AMD,100,0
4159,GIGGALLSAGKSALKGLAKGLAEHL,AMD,100,0
4161,ILGPVIKTIGGVIGGLLKNL,AMD,100,0
4162,ILGPVISTIGNVLGGLLKNL,AMD,100,0
4163,ILGPVLGLVGDTLGDLL,AMD,100,0
4164,ILGPVLGLVSNALGGLL,AMD,100,0
4165,ILGPVLGLVSNTLDDVLGIL,AMD,100,0
4166,ILGPVLGLVGNALGGLIKKL,AMD,100,0
4167,ISGPVLGLVGNALGGLIKKI,AMD,100,0
4168,ILGPVLGLVGSALGGLI,AMD,100,0
8776,VKWRWKKWRWKWKWKV,AMD,100,0
4169,ILGLVISTIGNVLGGLLKNL,AMD,100,0
8777,VKWRWKWKWRWKWKWKV,AMD,100,0
4170,ILGPVLGLDGNALGGLIKKI,AMD,100,0
4171,ILGPVISTIGNALGGLLKNL,AMD,100,0
10827,IIPLPLGYFAKKP,,100,0
2124,LKIAKGIIKSL,AMD,100,0
10828,IIPLPLGYFAKKKKKKDPVPLDQ,,100,0
2125,LKIAKGIIKSL,,100,0
10829,VLPLVGNLLNDLLGK,,100,0
10830,VLPLLETCSMTCWENNQTFGK,,100,0
11360,GSAQPYKQLHKVVNWDPYG,,100,0
10340,KRFKKFFKKLKNSVKKRAKKFFKK,,100,0
360,GIGKFLHSAKKFGKAFVGEIMNS,,100,0
2162,ILGKIWKGIKSLF,AMD,100,0
13451,NAMRGAKRVWRHI,AMD,100,0
3739,RFIYMKGFGKPRFGKR,,100,0
3741,IPWKLPATFRPVERPFSKPFCRKD,,100,0
8864,GILGKLWEGVKSIF,AMD,100,0
8865,GILGKLWKGVKSIF,AMD,100,0
8866,LILGKLWKGVKSIF,AMD,100,0
945,FAKWAFKWAKK,AMD,100,0
1465,FIGAIARLLSKIF,AMD,100,0
5840,LLRHVVKILEKYL,AMD,100,0
10462,ILGKAWEGAKSLF,AMD,100,0
10463,ILGKVWEGVKSLF,AMD,100,0
10465,ILGKIWEGIESLF,AMD,100,0
10466,ILGAAWNGAKSLF,AMD,100,0
10467,ILGAVWNGVKSLF,AMD,100,0
10552,FKARLWQWRM,,100.16,0
3176,SLLSLIRKLIT,,100.61,0
4934,FLPLLASLFSRLL,AMD,104.22,0
12227,FLGFVGQALNALLGKL,AMD,106.31,0
3159,GLLGPLLKIAAKVGSNLL,,106.76,0
4559,SGIQPEQHSS,AMD,106.81,0
4560,EQHSSGKSDV,AMD,107.31,0
4562,WKSDVRRWRSRY,AMD,108.48,0
12224,LVPFIGRTLGGLLARF,AMD,110.67,0
4558,LWGTRSGIQP,AMD,111.33,0
8598,GLLSRIKTLL,AMD,111.34,0
5473,IASKVANTVQKLKRKAKNAVA,,112.19,0
15843,RRWCWWWCWRR,AMD,113.87,0
8600,GLLKRIKSLL,AMD,114.15,0
14265,VRRFPAWWPFLRR,AMD,114.32,0
14026,IHHIHHIIHHIHHI,AMD,114.76,0
15845,RRWNWWWNWRR,AMD,115.27,0
7995,DLRGACAAAHAL,,116.84,0
14022,IHHIHHHIHHIHHH,AMD,117.83,0
3776,GVSKILHSAGKFGKAFLGEIMKS,,120.5,0
3765,GIGKFLHSAGKFGKAFLGEVMKS,,120.7,0
7736,FFFDTLKNLAGKVIGALT,AMD,121.3,0
4557,QLKVDLWGTR,AMD,121.54,0
11231,KIAGKAGKIAKIAGKAGKIA,AMD,121.56,0
12578,RFRPPIRRPPIRPPF,,121.75,0
15878,ALQYIKLLKE,AMD,121.95,0
5249,RRIRPRPPRLPRPRP,,122.9,0
1043,FWQRNIRKWR,AMD,125,0
1046,FWQRNIRIRR,AMD,125,0
12834,INWLKIAAAVAGML,AMD,125,0
827,GVLSNVIGYLKKLGTGALNAVLKQ,AMD,125,0
13669,GLFDIIKKIAESF,,125,0
7022,WPSPGRPRPFPGRPKPIFRPR,,125,0
7562,KLKKLLKKLLKL,AMD,125,0
9628,IRIKIRIKIRIK,AMD,125,0
15968,GLFGAIAGFIENGWEGMIDG,AMD,125.05,0
7279,GVVAILKGAAKDIAGHLASKVMNKL,AMD,125.41,0
7260,GVVDILKGAAKDIAGHLASKVMAKL,AMD,125.45,0
3646,FIFPKKNIINSLFGR,,126,0
9872,WGRAFSAGVHRLANGGNG,AMD,127.99,0
779,GLFDIIKKIAESF,AMD,128,0
12314,GKVKIGINGFGRIGRLVA,,128,0
14877,ALFDIIKKIAESF,AMD,128,0
14879,GLADIIKKIAESF,AMD,128,0
14884,GLFDIIKAIAESF,AMD,128,0
14897,GLFDIIKKIAESA,AMD,128,0
9535,KRFKKFFKKVKKSV,AMD,128,0
8022,AGYLLPKINLKPLAKLPKKIL,AMD,128,0
362,GCKKYRRFRWKFKGKFWFWGG,AMD,128,0
369,GCRRWKKFRWRYRGKFWFWCG,AMD,128,0
9871,WGEAFSAGVHRLANGGNG,AMD,128,0
9873,WGRAFSAGVHRLARGGRG,AMD,128,0
1171,QAKIRVRLSA,,128,0
10650,LVKLVAGIKKFLKWK,AMD,128,0
14002,LRRLRRRWLRRLRRR,AMD,128,0
12761,GCKKYRRFRWKFKGKFWFWG,AMD,128,0
5852,WPKWWKWKRRWGRKKAKKRRG,AMD,128,0
4339,VKRFKKFFRKLKKS,AMD,128,0
4357,GVVDILKGAAKDLAGHLATKVMNKL,AMD,128.31,0
4470,AWLDKLKSLGKVVG,,128.93,0
4418,FLPILASLAAKFGPKLFSLVTKKS,,129.06,0
9341,RRPRPRPRPFFF,AMD,130.24,0
6895,DDALKKLLKKLLKKL,,133,0
2211,FLGALAKIISGIF,AMD,134.97,0
3402,ILPILGNLLNGLL,AMD,136.18,0
4567,KKSYVRRWRS,AMD,136.66,0
3006,FHPSLWVLIPQYIQLIRKILKSG,,137.62,0
2208,FLPILGKLLSGIL,AMD,138.38,0
8799,KQIKIWFQNKKMKWKK,AMD,138.8,0
3403,ILPILGNLLNSLL,AMD,139.18,0
1646,ILPLVGNLLNDLL,AMD,140.58,0
10643,PPIVGSIPLGCG,AMD,141.87,0
9342,RRPRPRPRPFFFF,AMD,142.01,0
8876,DIGKYCGYAHALN,AMD,142.46,0
3889,FLSLIPHIVSGVASIAKHF,AMD,142.55,0
15883,RYRRKKKMKK,AMD,142.59,0
15887,RKKKMKKALQY,AMD,142.59,0
12925,AAKAAAKAAAKAA,AMD,142.77,0
14727,GWARRTVAKVRK,AMD,142.88,0
7767,RFRRLRKKFRKRLKKI,AMD,142.97,0
4580,QHSSGKSDVRRW,AMD,144.26,0
11255,GSLHGFMYKYLKNMVLTLF,AMD,144.88,0
7768,RFRRLRKKWRKRLKKI,AMD,145.47,0
4115,GLLDFVTGVGKDIFAQLIKQI,AMD,145.71,0
12228,LLGAALSALSSVIPSVISWFQK,AMD,146.42,0
5246,PRPPRLPRPRPRPLPFPRP,,147.19,0
4579,QLKVDLWGTRSGI,AMD,147.27,0
14272,GLKRIFKSGLGKLVKGISAHVAS,,148.18,0
15886,KKMKKALQYIKL,AMD,149.6,0
5713,GLKEVAHSAKKFAKGFISGLTGS,,149.62,0
15882,RYRRKKKMKKA,AMD,149.7,0
8961,RIKRFWPVVIRTVVAGYNLY,,150,0
10082,LLKKLLKKLLKKC,AMD,150,0
6855,KLAKLAKKLAKLAK,,150,0
12512,KVFKSVVKLLEKTVLKKFSK,AMD,150.79,0
4581,KSDVRRWRSRY,AMD,150.88,0
13937,GIIAGIIKIIKA,AMD,154.96,0
13957,GIIAGIIIAIKK,AMD,154.96,0
13959,GIIAGIIIKIAK,AMD,154.96,0
13960,GIIAGIIIKIKA,AMD,154.96,0
7655,GLFRALLRLLRSLWRLLLRA,,155.97,0
4561,GKSDVRRWRSRY,AMD,156.58,0
10246,FLQHIIGALTHIF,AMD,156.92,0
13956,GIIAGIIAKIKK,AMD,157.01,0
13958,GIIAGIIIKAKK,AMD,157.01,0
7021,SRWPSPGRPRPFPG,,159.38,0
4193,FLRFIGSVIHGIGHLVHHIGVAL,AMD,159.49,0
127,GLRKRLRKPRNKPKEKLKKI,,159.63,0
13938,GIIAGIIKIIKI,AMD,160.34,0
15877,MKKALQYIKLLKE,AMD,160.91,0
12675,QLGRRRHRRRPSRRRRHW,,161.47,0
13940,GIIKGIIKIIKA,AMD,162.39,0
13172,AAKIILNPKFR,AMD,162.77,0
13953,GIIAAIIIKIKK,AMD,164.19,0
12580,PIRRPPIRPPFYPPFRPPIRP,,164.3,0
13007,KKLLGWGLLKK,AMD,164.7,0
14975,IRIRPIRIRP,,165.08,0
128,GLRKRKRKFRNKKKEKLKKI,,165.91,0
11250,IKLRNVLKYLFRIDVIKEDIL,AMD,166.67,0
9904,WMQKVIDRFGG,,171.21,0
14027,IHHIHHIIHHIHHIIHHIHHI,AMD,171.59,0
13943,GIIRGIIRRIKG,AMD,173.02,0
15876,KMKKALQYIKLLKE,AMD,173.83,0
5287,FLPIVGRLISGLL,AMD,174.6,0
14023,IHHIHHHIHHIHHHIHHIHHH,AMD,176.2,0
13944,GIKRGIKRGIKR,AMD,177.12,0
13041,AARIILRDRFR,AMD,177.37,0
13945,GIKRGIIKIIKR,AMD,178.8,0
6909,DDALKHLLKHLLKHL,,179.72,0
3899,LLGMIPVAISAISALSKL,AMD,179.73,0
10291,LLGMIPVAITAISALSKL,AMD,181.13,0
7026,PRPFPGRPKPIFRPR,,181.92,0
6896,DDALHHLLHHLLHHL,,182.11,0
13946,GIRRGIIKIIKR,AMD,182.25,0
7118,FAVTWATKWWKG,AMD,185.22,0
5510,GVAKFGKAAAHFGKGWIKEMLNS,AMD,186.27,0
15875,KKMKKALQYIKLLKE,AMD,186.75,0
4553,LRRLWLRANRL,AMD,187.63,0
6910,DDALRHLLRHLLRHL,,187.82,0
13967,CGIIAGIIIKIKKC,AMD,188.8,0
15881,RYRRKKKMKKALQY,AMD,190.14,0
13948,GIRRGIRRIIKR,AMD,191.22,0
3141,GLLKKIKTLL,AMD,192.53,0
13949,GIRRGIRRIKKR,AMD,193.27,0
6908,DDALRRLLRRLLRRL,,193.54,0
15148,LVTLVFVGGGWKWKWENGKWKWKW,,193.58,0
11520,FLSLIPKIAGGIASLVKDL,AMD,195.64,0
2429,FLPLIGKILGTIL,AMD,195.7,0
12928,LLKLLLKLLLKLL,AMD,196.63,0
11524,GLVSGLLNSVTGLLGNLAGGGL,,198.23,0
9330,GRRPRPRPRP,AMD,198.96,0
9326,GRRPRPRPRP,,199.12,0
14271,VRRFPAAAPFLRR,AMD,199.16,0
5014,KFLGTLVNLAKKIL,AMD,199.68,0
8962,RIKRFWPVVIRTVVAGYNL,,200,0
3650,ENMFNIKSSVESDSFWG,,200,0
3651,EMLKKKKEVKMERKT,,200,0
12107,RNCTWLFSTKLKLPA,,200,0
10063,KKSAGWVIPIGTLVK,,200,0
8291,GVFDIIKGAGKQLIAHAMGKIAEKV,AMD,200,0
12905,AKKKLSRWWLRWWVK,,200,0
12911,AVKKLLRWWSRWWKK,,200,0
3735,VVKCSYRQGSPDSR,,200,0
3736,VVKFSYRKGSPAPQKN,,200,0
3738,DANVENGEDAEDLTDKFIGLMG,,200,0
3740,SADQTGMNKAALSPIRFISKSV,,200,0
3744,VTPPWARIYYGCAKA,,200,0
3747,LLPPWLRPRNG,,200,0
3748,APDRPRKFCGILG,,200,0
3749,VFLGNIVSMGKKI,,200,0
3750,DAAVEPELYHWGKVWLPN,,200,0
941,FLWWLFKWAWK,AMD,200,0
3259,LKKLLKWLLKLLK,AMD,200,0
3260,LLKLLKWLLKLLK,AMD,200,0
5569,FIHHIFRGIVHAGRSIGRFLTG,,200,0
979,KSSTRGRKSSRRKK,,200,0
2285,GMATKAGTALGKVAKAVIGAAL,AMD,200.15,0
10553,FKALLWQWRM,,200.34,0
14093,FKARRWQWRMKKLGA,,200.48,0
10549,FKARRWQWRMKK,,200.52,0
5020,HFLGTKVNLAKKIL,AMD,202.75,0
5023,HFLGTLVNKAKKIL,AMD,202.75,0
5025,HFLGTLVNLAKKKL,AMD,202.75,0
5026,HFLGTLVNLAKKIK,AMD,202.75,0
7025,GRPRPFPGRPKPIFRPR,,203.25,0
9905,KKWMQKVIDRFGG,,204.28,0
5251,PRPLPFPRPGPRPI,,204.41,0
9541,FFSMIPKIATGIASLVKNL,AMD,205.16,0
11522,FFSMIPKIATGIASLVKDL,AMD,205.26,0
11523,FFSMIPKIATGIASLVKNL,,205.26,0
10642,GRFRRLRKKTRK,AMD,205.31,0
10586,FLGAIAQALTSLLGKL,AMD,206.85,0
5024,HFLGTLVNLKKKIL,AMD,208.14,0
14647,IDWKKLLPAAKQIL,AMD,209.8,0
13670,RRLRKKTRKRLK,AMD,210.19,0
5250,RRIRPRPPRLPRP,,213.39,0
14268,VRRFPAAWPFLRR,AMD,213.9,0
14269,VRRFPWAAPFLRR,AMD,213.9,0
14270,VRRFPAWAPFLRR,AMD,213.9,0
10210,FLPLLAGLAAKWF,AMD,217.03,0
5827,RLPRPRPRPLPFPRPG,,217.67,0
6935,GLNALKKVFQGFHEAIKLINNHVQ,,217.78,0
15901,KRFWPLVPVAINTVA,AMD,219.02,0
3764,GKFLHSAGKFGKAFLGEVMIG,,219.77,0
8620,GVVKRIKTVV,AMD,219.88,0
9923,KKYRYHLKPFSKK,AMD,221.08,0
9922,KKYRYHLKPFSKK,,221.2,0
6006,FLPILGKLLSGLL,AMD,221.41,0
7024,SPGRPRPFPGRPKPIFRPR,,221.67,0
3104,FLSIIAKVLGSLF,AMD,225.25,0
8596,GLLTRIKTLL,AMD,225.49,0
8624,GVLKRIKTLV,AMD,225.5,0
15880,RYRRKKKMKKALQYIKL,AMD,225.69,0
8510,RRIRPRPPRLPRPC,,226.59,0
6005,FLPILGKLLSGFL,AMD,226.85,0
7020,SRWPSPGRPRPFPGRPKPIF,,233.38,0
2506,GFMKYIGPLIPHKVKAISDLI,AMD,234.3,0
8628,GMLKRIKTLL,AMD,234.72,0
5712,NLLGSLLKTGLKVGSNLL,AMD,235.68,0
2206,FLSHIAGFLSNLF,AMD,235.82,0
1807,NFLGTLINLAKKIM,AMD,236.55,0
8800,KIWFQNRRMKWKK,AMD,237.1,0
2407,ILGKLLSTAAGLLSNL,AMD,237.6,0
8625,GLMKRIKTML,AMD,238.32,0
8626,GMLKRIKTLM,AMD,238.32,0
3105,FLPLVTMLLGKLF,AMD,238.72,0
9906,RLKKWMQKVIDRFGG,,238.76,0
15102,FAKKFAKKFK,AMD,240,0
1808,FLPILINLIHKGLL,AMD,240.61,0
7266,GVVDILKGAAKDIAGHASKVMNKL,AMD,243.9,0
6336,GNNRVYIPQPRPHPRL,,245.02,0
8621,GMMKRIKTMM,AMD,245.54,0
7267,GVVDILKGAAKDIAGALASKVMNKL,AMD,248.61,0
7261,GVVDILKGAAKDIAGHLASKVANKL,AMD,249.2,0
7259,GVVDILKGAAKDIAGHLASKVMNAL,AMD,249.4,0
7263,GVVDILKGAAKDIAGHLASAVMNKL,AMD,249.4,0
7272,GVVDILKGAAADIAGHLASKVMNKL,AMD,249.4,0
7276,GVVDILAGAAKDIAGHLASKVMNKL,AMD,249.4,0
8199,FFSLIPSLVGGLISAFK,AMD,249.67,0
1042,FQWQRNIRKVR,AMD,250,0
12833,INWLAIAAKVAGML,AMD,250,0
826,GVLSNVIGYLKKLGTGALNAVLKQ,,250,0
10051,GLFDIWAWWRWRR,AMD,250,0
10081,MLLKKLLKKLLKKM,AMD,250,0
11361,ASEELLLRFQATSSGPILREEFE,,250,0
11364,DHNNEIVKIQSLLRANKARDDYK,,250,0
1400,CFQWKRAMRKVR,,250,0
15000,FIIWPLRYRK,AMD,250,0
10697,RLPWRWPRRPWRR,AMD,250,0
7115,FPVTWPTKWWKG,AMD,250,0
9716,FPVTWPTKWWKS,AMD,250,0
1781,GIGKFLHSAGKFGKAFVGEIMKS,,250,0
9717,FPVTWPTKWRKG,AMD,250,0
9720,FPVTWPTKWWEG,AMD,250,0
9721,FPVTWPTKWLKG,AMD,250,0
9724,FPLTWPTKWWKG,AMD,250,0
9725,FPLTCPTKWWKG,AMD,250,0
4359,GVVDILKGAAKDIAGHLASKVM,AMD,250.39,0
7258,GVVDILKGAAKDIAGHLASKVMNKA,AMD,251,0
7270,GVVDILKGAAKDAAGHLASKVMNKL,AMD,251,0
7277,GVVDIAKGAAKDIAGHLASKVMNKL,AMD,251,0
7278,GVVDALKGAAKDIAGHLASKVMNKL,AMD,251,0
7262,GVVDILKGAAKDIAGHLASKAMNKL,AMD,252.41,0
7280,GAVDILKGAAKDIAGHLASKVMNKL,AMD,252.41,0
7281,GVADILKGAAKDIAGHLASKVMNKL,AMD,252.41,0
10354,FASGIAGMAGKLF,AMD,253.91,0
2505,IPHAVKAISDLI,AMD,255.31,0
14878,GAFDIIKKIAESF,AMD,256,0
14881,GLFDAIKKIAESF,AMD,256,0
1318,FLGGLIKIVPAMICAVTKK,,256,0
10035,GRRRRSVQWCA,AMD,256,0
10649,FSEAIKKIIDFLG,AMD,256,0
10653,LIGSLVRGILPLF,AMD,256,0
7852,ISKRILTGKK,AMD,256,0
5050,KKIMRTFLRR,AMD,256,0
5057,KILRGVSKRILTGKK,AMD,256,0
5058,KILGVSKRILTGKK,AMD,256,0
2024,KISKRILTGKK,AMD,256,0
4336,LVKRFKKFFRKLKKSVK,AMD,256,0
4471,KVALGVAQNYLNPQQ,,256.45,0
7282,AVVDILKGAAKDIAGHLASKVMNKL,AMD,256.62,0
3768,GWASKIGTQLGKMAKVGLKEFVQS,,256.81,0
6335,GNNRPVYIPQPRPHPRL,,257.45,0
10355,FAKGIAGMAGKLF,AMD,262.33,0
9407,DIFGAIWPLALGALKNLIK,AMD,262.98,0
15902,KRFWPLVPVAINTVAAGIN,AMD,264.52,0
9336,GRRPRPRPRPFFF,AMD,269.61,0
9333,GRRPRPRPRPFFF,,269.77,0
11262,FFYNVIKIYGNMAGRISK,AMD,271.69,0
14780,RKLFKRILKYL,AMD,275,0
7814,RFRRLRDKTRDRLKKI,AMD,276.44,0
7996,SPEEARVKILTAIPEMREEDLSEE,,277.32,0
5354,MAIVGTIIKIIKAIIDIFAK,,278.38,0
7143,RFRRLRKKTRKRLKKI,AMD,280.04,0
7765,RFRRLRKKIRKRLKKI,AMD,281.59,0
7766,RFRRLRKKKRKRLKKI,AMD,283.64,0
12507,KGKKGVIIAILLFAIIYKKK,AMD,288,0
5352,MGIIAGIIKVIKSLIEQFTGK,,289.65,0
12515,KAAKTVFKLFKLQAKRAIEA,AMD,290.03,0
13972,MGIIAGIIKFIKGLIEKFTGK,,292.09,0
9337,GRRPRPRPRPFFFF,AMD,293.16,0
9334,GRRPRPRPRPFFFF,,293.32,0
2501,AAGRYQLLSRYWDAYR,,298.39,0
3178,FLPLILRKIVTAL,AMD,300,0
10217,FFPLVLGALGSILPKVFGK,AMD,300.68,0
12674,QLGKKKHRRRPSKKKRHW,,302.2,0
7103,ILGTIPGLLKGL,AMD,305.8,0
7104,ILGTILGPLKGL,AMD,305.8,0
12511,GQLNKFIKKAQRKFHEKFAK,AMD,313.86,0
7102,ILGTILPLLKGL,AMD,320.17,0
14041,KIKKIIKKIIKI,AMD,322.16,0
2205,FLPIVTNLLSGLL,AMD,323.12,0
3116,GLLKRIKTLL,AMD,328.64,0
14663,GGRRWQWRMKKLGAPSITLPETGG,,343.7,0
2503,KVYLPRYKVYSTAAGRYQLL,AMD,358.63,0
2500,KVYLPRYKVYSTAAGRYQLL,,358.78,0
8803,FQNRRMKWKK,AMD,364.49,0
2443,GLFKGKKKNKKTK,AMD,377.74,0
1240,INWLKLGKAIIDAL,AMD,382,0
15150,LVTLVFVGGGWKWKWENGKWKWQW,,387.02,0
3820,GMASTAGSVLGKLAKAVAIGAL,AMD,397.49,0
15,DSHAKRHHGYKRKFHEKHHSHRGY,,400,0
10825,AVAGEKLWLLPHLLKMLLTPTP,AMD,400,0
9467,FLSLIPHIVSGVASLAIHF,AMD,404.09,0
14649,IDWKKLLDPAKQIL,AMD,430.87,0
8813,GRKKRRQRRRPPQ,AMD,440.34,0
8802,KIWFQNKKMKWKK,AMD,460.37,0
3817,GIKEFAHSLGKFGKAFVGGILNQ,,484.37,0
5368,GIGKFLHSAKKFGKAFVGEIMNS,AMD,494,0
11527,FSGGDCRGLRRRCFCTR,AMD,499.75,0
3099,LLKKLLKKLLKK,AMD,500,0
12835,INWLAIAAAVAGML,AMD,500,0
4455,HKTDSFVGLM,AMD,500,0
7560,KLKKKLKKLLKK,AMD,500,0
7561,KLKKLLKKLLKK,AMD,500,0
7563,LLKKLLKKLLKL,AMD,500,0
9204,MLLKKLLKKM,AMD,500,0
12312,VLVPQGFAVVKKANFVAFYT,,512,0
14882,GLFDIAKKIAESF,AMD,512,0
14883,GLFDIIAKIAESF,AMD,512,0
14885,GLFDIIKKAAESF,AMD,512,0
9404,QQRFEWEFEQQ,AMD,512,0
12765,GIGKFSKKGAAARRRKVSLKAL,AMD,512,0
14316,FLSLIPHVISAIPHVVNALSNL,AMD,512.41,0
8370,RPKHPIKHQGLPQEVLNENLLRFF,,550,0
5831,PRPLPFPRPG,,566.7,0
14102,FLPLILFWIVTAL,AMD,600,0
15001,FILKRSYPQYY,AMD,600,0
15002,NLVGSLLGGILKK,AMD,600,0
14765,KSAFELPHYGL,,631.24,0
14766,KSHFELPAYGL,,631.24,0
14767,KSHFELPHYGL,,664.26,0
5830,PRPRPLPFPRPG,,693.35,0
15003,DLLNGLLNPVLGIANGLTGGLVKK,AMD,700,0
15004,YYQVSEERRRDLASLARLYALAR,AMD,700,0
15005,DLASLARLYALAR,AMD,700,0
15006,NNEENELRRRVSFNRAVIHSLLG,AMD,700,0
15007,VSFNRAVIHSLLG,AMD,700,0
8288,GVFDIIKDAGKQLVAHAMGKIAEKV,AMD,800,0
8289,GVFDIIKDAGKQLVAHATGKIAEKV,AMD,800,0
8290,GVIDIIKGAGKDLIAHAIGKLAEKV,AMD,800,0
8292,GVFDIIKDAGRQLVAHAMGKIAEKV,AMD,800,0
4729,FWGALAKGALKLIGVSLFSSFSKKD,,802.57,0
4730,FWGALAKGALKLIVGSLFSSFSKKD,,802.57,0
5829,PRPRPRPLPFPRPG,,820,0
5821,PLPFPRPGPRPIPRP,,847.05,0
4358,GVVDILKGAAKDIAGHLASKVMNKL,AMD,1014.34,0
365,GCKKFRRFKLKCKQKLWLWCG,AMD,1024,0
366,GKKYRRFWKFKGKWFWFWG,AMD,1024,0
8365,HIQKEDVPSERYLGYLEQLLRLK,,1650,0
8378,IVLNPWDQVK,,1650,0
13786,KVEIVAINDPFIDL,,1666.23,0
14648,IDWKKLPDAAKQIL,AMD,1680.4,0
